order,route_mile,name_on_watch,source_name,lat_on_route,lon_on_route,elev_ft,chance_of_water_low_end,chance_flowing_or_better_typical,"tier(A>=85%,~60-85%,?<60%)",est_date,miles_to_next_water,volatile,off_route_mi,description
1,4.4,4 Sample Stream,Sample Stream 02,36.9642986,-107.4087326,6899,0.95,0.82,A,May 7,16.5,0,0.0,"Route mi 4.4 | water 95% low-end, flowing 82% typical | ~May 7 | 6,899 ft | next water 16.5 mi"
2,20.9,~21 Sample Cach,Sample Cache 04,37.1898884,-107.3301565,7421,0.8,0.5,~,May 13,5.4,0,0.0,"Route mi 20.9 | water 80% low-end, flowing 50% typical | ~May 13 | 7,421 ft | next water 5.4 mi"
3,26.3,26 Sample Troug,Sample Trough 05,37.2660818,-107.2888509,7385,0.872,0.685,A,May 15,3.6,0,0.3,"Route mi 26.3 | water 87% low-end, flowing 68% typical | ~May 15 | 7,385 ft | next water 3.6 mi | 0.30 mi off route"
4,29.9,30 Sample Sprin,Sample Spring 07,37.3084047,-107.2653197,8353,0.895,0.695,A,May 16,7.0,0,0.0,"Route mi 29.9 | water 89% low-end, flowing 69% typical | ~May 16 | 8,353 ft | next water 7.0 mi"
5,36.8,37 Sample Creek,Sample Creek 08,37.4025871,-107.2218615,8179,0.928,0.823,A,May 19,9.6,0,0.0,"Route mi 36.8 | water 93% low-end, flowing 82% typical | ~May 19 | 8,179 ft | next water 9.6 mi"
6,46.4,46 Sample Strea,Sample Stream 09,37.5151817,-107.1261674,9413,0.907,0.743,A,May 22,4.1,0,0.0,"Route mi 46.4 | water 91% low-end, flowing 74% typical | ~May 22 | 9,413 ft | next water 4.1 mi"
7,50.5,51 Sample Creek,Sample Creek 11,37.5672976,-107.0860955,8776,0.884,0.63,A,May 24,9.5,0,0.0,"Route mi 50.5 | water 88% low-end, flowing 63% typical | ~May 24 | 8,776 ft | next water 9.5 mi"
8,60.0,60 Sample Tank,Sample Tank 12,37.6948000,-107.0266000,8747,0.888,0.698,A,May 28,4.1,0,0.0,"Route mi 60.0 | water 89% low-end, flowing 70% typical | ~May 28 | 8,747 ft | next water 4.1 mi"
9,64.2,64 Sample Strea,Sample Stream 13,37.7510980,-106.9984737,8871,0.94,0.827,A,May 29,2.0,0,0.0,"Route mi 64.2 | water 94% low-end, flowing 83% typical | ~May 29 | 8,871 ft | next water 2.0 mi"
10,66.2,?66 Sample Tank,Sample Tank 14,37.7797058,-106.9943409,9675,0.538,0.246,?,May 30,5.6,0,0.0,"Route mi 66.2 | water 54% low-end, flowing 25% typical | ~May 30 | 9,675 ft | next water 5.6 mi"
11,71.7,~72 Sample Cach,Sample Cache 15,37.8580031,-106.9812311,8691,0.709,0.429,~,Jun 1,11.9,0,0.0,"Route mi 71.7 | water 71% low-end, flowing 43% typical | ~Jun 1 | 8,691 ft | next water 11.9 mi"
12,83.7,?84 Sample Pond,Sample Pond 16,38.0279956,-107.0117239,8980,0.224,0.417,?,Jun 5,7.3,1,0.0,"Route mi 83.7 | water 22% low-end, flowing 42% typical | ~Jun 5 | 8,980 ft | next water 7.3 mi | varies a lot year to year"
13,91.0,~91 Sample Wind,Sample Windmill 17,38.1324061,-107.0446636,8688,0.64,0.38,~,Jun 8,7.2,0,0.0,"Route mi 91.0 | water 64% low-end, flowing 38% typical | ~Jun 8 | 8,688 ft | next water 7.2 mi"
14,98.2,98 Sample River,Sample River 18,38.2257118,-107.1035667,8012,0.97,0.91,A,Jun 11,2.6,0,0.0,"Route mi 98.2 | water 97% low-end, flowing 91% typical | ~Jun 11 | 8,012 ft | next water 2.6 mi"
15,100.8,~101 Sample Win,Sample Windmill 20,38.2582058,-107.1229792,8028,0.772,0.502,~,Jun 12,10.7,0,0.0,"Route mi 100.8 | water 77% low-end, flowing 50% typical | ~Jun 12 | 8,028 ft | next water 10.7 mi"
16,111.5,112 Sample Cree,Sample Creek 22,38.4038947,-107.1877161,7152,0.863,0.728,A,Jun 16,3.2,0,0.0,"Route mi 111.5 | water 86% low-end, flowing 73% typical | ~Jun 16 | 7,152 ft | next water 3.2 mi"
17,114.8,115 Sample Rive,Sample River 25,38.4464040,-107.2127874,4744,0.98,0.92,A,Jun 17,4.0,0,0.0,"Route mi 114.8 | water 98% low-end, flowing 92% typical | ~Jun 17 | 4,744 ft | next water 4.0 mi"
18,118.8,119 Sample Stre,Sample Stream 30,38.5012796,-107.2460418,3835,0.94,0.843,A,Jun 19,17.0,0,0.0,"Route mi 118.8 | water 94% low-end, flowing 84% typical | ~Jun 19 | 3,835 ft | next water 17.0 mi"
19,135.8,~136 Sample Cac,Sample Cache 34,38.7314970,-107.3351194,2706,0.606,0.343,~,Jun 25,0.5,0,0.0,"Route mi 135.8 | water 61% low-end, flowing 34% typical | ~Jun 25 | 2,706 ft | next water 0.5 mi"
20,136.2,~136 Sample Win,Sample Windmill 35,38.7387006,-107.3362707,3635,0.688,0.393,~,Jun 25,8.3,0,0.0,"Route mi 136.2 | water 69% low-end, flowing 39% typical | ~Jun 25 | 3,635 ft | next water 8.3 mi"
21,144.5,145 Sample Lake,Sample Lake 36,38.8567020,-107.3263499,2906,0.878,0.73,A,Jun 28,2.3,0,0.0,"Route mi 144.5 | water 88% low-end, flowing 73% typical | ~Jun 28 | 2,906 ft | next water 2.3 mi"
22,146.8,~147 Sample Spr,Sample Spring 37,38.8889986,-107.3280283,3563,0.843,0.621,~,Jun 29,4.7,0,0.0,"Route mi 146.8 | water 84% low-end, flowing 62% typical | ~Jun 29 | 3,563 ft | next water 4.7 mi"
23,151.5,152 Sample Stre,Sample Stream 38,38.9603004,-107.3347114,3317,0.91,0.79,A,Jul 1,9.3,0,0.3,"Route mi 151.5 | water 91% low-end, flowing 79% typical | ~Jul 1 | 3,317 ft | next water 9.3 mi | 0.30 mi off route"
24,160.8,161 Sample Lake,Sample Lake 39,39.0825974,-107.2845753,3989,0.935,0.785,A,Jul 4,2.8,0,0.0,"Route mi 160.8 | water 94% low-end, flowing 79% typical | ~Jul 4 | 3,989 ft | next water 2.8 mi"
25,163.5,~164 Sample Win,Sample Windmill 40,39.1207105,-107.2715297,4609,0.744,0.417,~,Jul 5,7.9,0,0.0,"Route mi 163.5 | water 74% low-end, flowing 42% typical | ~Jul 5 | 4,609 ft | next water 7.9 mi"
26,171.4,171 Sample Rive,Sample River 41,39.2280231,-107.2186656,5105,0.98,0.92,A,Jul 8,7.1,0,0.0,"Route mi 171.4 | water 98% low-end, flowing 92% typical | ~Jul 8 | 5,105 ft | next water 7.1 mi"
27,178.5,178 Sample Tank,Sample Tank 42,39.3190969,-107.1550957,4924,0.856,0.611,A,Jul 11,4.1,0,0.0,"Route mi 178.5 | water 86% low-end, flowing 61% typical | ~Jul 11 | 4,924 ft | next water 4.1 mi"
28,182.6,~183 Sample Win,Sample Windmill 44,39.3631890,-107.1073889,5430,0.787,0.507,~,Jul 13,2.2,0,0.0,"Route mi 182.6 | water 79% low-end, flowing 51% typical | ~Jul 13 | 5,430 ft | next water 2.2 mi"
29,184.8,185 Sample Lake,Sample Lake 46,39.3866963,-107.0791934,7011,0.93,0.742,A,Jul 13,9.3,0,0.0,"Route mi 184.8 | water 93% low-end, flowing 74% typical | ~Jul 13 | 7,011 ft | next water 9.3 mi"
30,194.1,?194 Sample Pon,Sample Pond 48,39.4966923,-106.9846428,7487,0.597,0.364,?,Jul 17,5.1,0,0.0,"Route mi 194.1 | water 60% low-end, flowing 36% typical | ~Jul 17 | 7,487 ft | next water 5.1 mi"
31,199.1,199 Sample Lake,Sample Lake 50,39.5667000,-106.9493000,8051,0.96,0.855,A,Jul 19,5.9,0,0.0,"Route mi 199.1 | water 96% low-end, flowing 85% typical | ~Jul 19 | 8,051 ft | next water 5.9 mi"
32,205.0,?205 Sample Tan,Sample Tank 51,39.6408965,-106.9025796,8806,0.529,0.319,?,Jul 21,12.3,0,0.0,"Route mi 205.0 | water 53% low-end, flowing 32% typical | ~Jul 21 | 8,806 ft | next water 12.3 mi"
33,217.3,~217 Sample Spr,Sample Spring 52,39.8205069,-106.8853004,8934,0.685,0.449,~,Jul 26,12.9,0,0.3,"Route mi 217.3 | water 68% low-end, flowing 45% typical | ~Jul 26 | 8,934 ft | next water 12.9 mi | 0.30 mi off route"
34,230.3,230 Sample Stre,Sample Stream 53,39.9981929,-106.9428435,9071,0.938,0.778,A,Jul 30,5.5,0,0.0,"Route mi 230.3 | water 94% low-end, flowing 78% typical | ~Jul 30 | 9,071 ft | next water 5.5 mi"
35,235.7,236 Sample Spri,Sample Spring 54,40.0738947,-106.9722145,9140,0.86,0.6,A,Aug 2,24.3,0,0.0,"Route mi 235.7 | water 86% low-end, flowing 60% typical | ~Aug 2 | 9,140 ft | next water 24.3 mi"
36,260.0,260 Sample Cree,Sample Creek 56,40.3936085,-107.1504508,9058,0.95,0.8,A,Aug 11,7.5,0,0.0,"Route mi 260.0 | water 95% low-end, flowing 80% typical | ~Aug 11 | 9,058 ft | next water 7.5 mi"
37,267.5,?268 Sample Win,Sample Windmill 57,40.4953963,-107.1941358,9423,0.328,0.108,?,Aug 13,9.0,0,0.0,"Route mi 267.5 | water 33% low-end, flowing 11% typical | ~Aug 13 | 9,423 ft | next water 9.0 mi"
38,276.5,?277 Sample Pon,Sample Pond 59,40.6279990,-107.1998820,8819,0.403,0.13,?,Aug 17,5.8,0,0.0,"Route mi 276.5 | water 40% low-end, flowing 13% typical | ~Aug 17 | 8,819 ft | next water 5.8 mi"
39,282.3,282 Sample Rive,Sample River 61,40.7105980,-107.1996759,7903,0.97,0.9,A,Aug 19,7.7,0,0.0,"Route mi 282.3 | water 97% low-end, flowing 90% typical | ~Aug 19 | 7,903 ft | next water 7.7 mi"
40,289.9,290 Sample Rive,Sample River 63,40.8226046,-107.1854382,7247,0.97,0.892,A,Aug 22,8.5,0,0.1,"Route mi 289.9 | water 97% low-end, flowing 89% typical | ~Aug 22 | 7,247 ft | next water 8.5 mi"
41,298.4,?298 Sample Tan,Sample Tank 65,40.9421993,-107.1711057,6594,0.351,0.121,?,Aug 25,0.2,0,0.0,"Route mi 298.4 | water 35% low-end, flowing 12% typical | ~Aug 25 | 6,594 ft | next water 0.2 mi"
42,298.6,?299 Sample Tro,Sample Trough 66,40.9421993,-107.1711057,6867,0.41,0.13,?,Aug 25,9.1,0,0.0,"Route mi 298.6 | water 41% low-end, flowing 13% typical | ~Aug 25 | 6,867 ft | next water 9.1 mi"
43,307.7,~308 Sample Cre,Sample Creek 67,41.0708032,-107.1318100,6627,0.636,0.303,~,Aug 29,1.6,0,0.0,"Route mi 307.7 | water 64% low-end, flowing 30% typical | ~Aug 29 | 6,627 ft | next water 1.6 mi"
44,309.3,?309 Sample Str,Sample Stream 68,41.0914869,-107.1190716,5272,0.355,0.446,?,Aug 29,3.6,1,0.1,"Route mi 309.3 | water 35% low-end, flowing 45% typical | ~Aug 29 | 5,272 ft | next water 3.6 mi | varies a lot year to year"
45,312.9,313 Sample Rive,Sample River 69,41.1374154,-107.0850336,5610,0.98,0.9,A,Aug 30,9.6,0,0.0,"Route mi 312.9 | water 98% low-end, flowing 90% typical | ~Aug 30 | 5,610 ft | next water 9.6 mi"
46,322.5,~323 Sample Tro,Sample Trough 71,41.2571830,-106.9904633,4862,0.658,0.327,~,Sep 3,12.0,0,0.0,"Route mi 322.5 | water 66% low-end, flowing 33% typical | ~Sep 3 | 4,862 ft | next water 12.0 mi"
47,334.5,?334 Sample Tro,Sample Trough 72,41.3999927,-106.8650735,4668,0.432,0.14,?,Sep 8,8.2,0,0.0,"Route mi 334.5 | water 43% low-end, flowing 14% typical | ~Sep 8 | 4,668 ft | next water 8.2 mi"
48,342.7,343 Sample Spri,Sample Spring 73,41.5102144,-106.8068446,4501,0.86,0.56,A,Sep 11,5.1,0,0.0,"Route mi 342.7 | water 86% low-end, flowing 56% typical | ~Sep 11 | 4,501 ft | next water 5.1 mi"
49,347.8,348 Sample Rive,Sample River 74,41.5817011,-106.7976517,3244,0.95,0.8,A,Sep 13,3.3,0,0.0,"Route mi 347.8 | water 95% low-end, flowing 80% typical | ~Sep 13 | 3,244 ft | next water 3.3 mi"
50,351.1,351 Sample Lake,Sample Lake 79,41.6284000,-106.7955800,3671,0.933,0.75,A,Sep 14,5.4,0,0.0,"Route mi 351.1 | water 93% low-end, flowing 75% typical | ~Sep 14 | 3,671 ft | next water 5.4 mi"
51,356.4,?356 Sample Spr,Sample Spring 82,41.7072984,-106.8034165,4367,0.277,0.51,?,Sep 16,1.0,1,0.0,"Route mi 356.4 | water 28% low-end, flowing 51% typical | ~Sep 16 | 4,367 ft | next water 1.0 mi | varies a lot year to year"
52,357.4,~357 Sample Str,Sample Stream 83,41.7216023,-106.8043486,3904,0.68,0.32,~,Sep 16,4.2,0,0.0,"Route mi 357.4 | water 68% low-end, flowing 32% typical | ~Sep 16 | 3,904 ft | next water 4.2 mi"
53,361.6,~362 Sample Tan,Sample Tank 86,41.7828001,-106.8042804,5420,0.68,0.31,~,Sep 18,3.9,0,0.0,"Route mi 361.6 | water 68% low-end, flowing 31% typical | ~Sep 18 | 5,420 ft | next water 3.9 mi"
54,365.6,?366 Sample Tro,Sample Trough 87,41.8400049,-106.8120764,5902,0.295,0.08,?,Sep 19,1.8,0,0.0,"Route mi 365.6 | water 30% low-end, flowing 8% typical | ~Sep 19 | 5,902 ft | next water 1.8 mi"
55,367.4,367 Sample Lake,Sample Lake 88,41.8653460,-106.8201305,5187,0.88,0.6,A,Sep 20,5.5,0,0.1,"Route mi 367.4 | water 88% low-end, flowing 60% typical | ~Sep 20 | 5,187 ft | next water 5.5 mi"
